{"cameraMode":{"drawMode":0,"name":"Shaded","section":"Shading Mode"},"sceneLighting":true,"audioPlay":false,"sceneViewState":{"showFog":true,"showMaterialUpdate":false,"showSkybox":true,"showFlares":true,"showImageEffects":true,"showParticleSystems":true},"in2DMode":false,"pivot":{"x":-4.24838924407959,"y":-1.0622005462646485,"z":-0.5274772644042969},"rotation":{"x":0.040465403348207477,"y":0.9489786028862,"z":-0.28144174814224245,"w":0.1364441066980362},"size":42.66326141357422,"orthographic":false}