{"cameraMode":{"drawMode":0,"name":"Shaded","section":"Shading Mode"},"sceneLighting":true,"audioPlay":false,"sceneViewState":{"showFog":true,"showMaterialUpdate":false,"showSkybox":true,"showFlares":true,"showImageEffects":true,"showParticleSystems":true},"in2DMode":false,"pivot":{"x":-6.124843597412109,"y":1.723675012588501,"z":16.25858497619629},"rotation":{"x":0.10229063034057617,"y":0.5193376541137695,"z":-0.0627853199839592,"w":0.8461217880249023},"size":10.258779525756836,"orthographic":false}